Date,Open,,,,,
7-Nov-17,7023.1,,,,,
6-Nov-17,7403.22,,,,,
5-Nov-17,7404.52,,,,,
4-Nov-17,7164.48,,,,,
3-Nov-17,7087.53,,,,,
2-Nov-17,6777.77,,,,,
1-Nov-17,6440.97,,,,,
31-Oct-17,6132.02,,,,,
30-Oct-17,6114.85,,,,,
29-Oct-17,5754.44,,,,,
28-Oct-17,5787.82,,,,,
27-Oct-17,5899.74,,,,,
26-Oct-17,5747.95,,,,,
25-Oct-17,5524.6,,,,,
24-Oct-17,5935.52,,,,,
23-Oct-17,6006,,,,,
22-Oct-17,6036.66,,,,,
21-Oct-17,5996.79,,,,,
20-Oct-17,5708.11,,,,,
19-Oct-17,5583.74,,,,,
18-Oct-17,5603.82,,,,,
17-Oct-17,5741.58,,,,,
16-Oct-17,5687.57,,,,,
15-Oct-17,5835.96,,,,,
14-Oct-17,5643.53,,,,,
13-Oct-17,5464.16,,,,,
12-Oct-17,4829.58,,,,,
11-Oct-17,4789.25,,,,,
10-Oct-17,4776.21,,,,,
9-Oct-17,4614.52,,,,,
8-Oct-17,4429.67,,,,,
7-Oct-17,4369.35,,,,,
6-Oct-17,4324.46,,,,,
5-Oct-17,4229.88,,,,,
4-Oct-17,4319.37,,,,,
3-Oct-17,4408.46,,,,,
2-Oct-17,4395.81,,,,,
1-Oct-17,4341.05,,,,,
30-Sep-17,4166.11,,,,,
29-Sep-17,4171.62,,,,,
28-Sep-17,4197.13,,,,,
27-Sep-17,3892.94,,,,,
26-Sep-17,3928.41,,,,,
25-Sep-17,3681.58,,,,,
24-Sep-17,3796.15,,,,,
23-Sep-17,3629.92,,,,,
22-Sep-17,3628.02,,,,,
21-Sep-17,3901.47,,,,,
20-Sep-17,3916.36,,,,,
19-Sep-17,4073.79,,,,,
18-Sep-17,3591.09,,,,,
17-Sep-17,3606.28,,,,,
16-Sep-17,3637.75,,,,,
15-Sep-17,3166.3,,,,,
14-Sep-17,3875.37,,,,,
13-Sep-17,4131.98,,,,,
12-Sep-17,4168.88,,,,,
11-Sep-17,4122.47,,,,,
10-Sep-17,4229.34,,,,,
9-Sep-17,4229.81,,,,,
8-Sep-17,4605.16,,,,,
7-Sep-17,4589.14,,,,,
6-Sep-17,4376.59,,,,,
5-Sep-17,4228.29,,,,,
4-Sep-17,4591.63,,,,,
3-Sep-17,4585.27,,,,,
2-Sep-17,4901.42,,,,,
1-Sep-17,4701.76,,,,,
31-Aug-17,4555.59,,,,,
30-Aug-17,4570.36,,,,,
29-Aug-17,4389.21,,,,,
28-Aug-17,4384.45,,,,,
27-Aug-17,4345.1,,,,,
26-Aug-17,4372.06,,,,,
25-Aug-17,4332.82,,,,,
24-Aug-17,4137.6,,,,,
23-Aug-17,4089.01,,,,,
22-Aug-17,3998.35,,,,,
21-Aug-17,4090.48,,,,,
20-Aug-17,4189.31,,,,,
19-Aug-17,4137.75,,,,,
18-Aug-17,4324.34,,,,,
17-Aug-17,4384.44,,,,,
16-Aug-17,4200.34,,,,,
15-Aug-17,4326.99,,,,,
14-Aug-17,4066.1,,,,,
13-Aug-17,3880.04,,,,,
12-Aug-17,3650.63,,,,,
11-Aug-17,3373.82,,,,,
10-Aug-17,3341.84,,,,,
9-Aug-17,3420.4,,,,,
8-Aug-17,3370.22,,,,,
7-Aug-17,3212.78,,,,,
6-Aug-17,3257.61,,,,,
5-Aug-17,2897.63,,,,,
4-Aug-17,2806.93,,,,,
3-Aug-17,2709.56,,,,,
2-Aug-17,2727.13,,,,,
1-Aug-17,2871.3,,,,,
31-Jul-17,2763.24,,,,,
30-Jul-17,2724.39,,,,,
29-Jul-17,2807.02,,,,,
28-Jul-17,2679.73,,,,,
27-Jul-17,2538.71,,,,,
26-Jul-17,2577.77,,,,,
25-Jul-17,2757.5,,,,,
24-Jul-17,2732.7,,,,,
23-Jul-17,2808.1,,,,,
22-Jul-17,2668.63,,,,,
21-Jul-17,2838.41,,,,,
20-Jul-17,2269.89,,,,,
19-Jul-17,2323.08,,,,,
18-Jul-17,2233.52,,,,,
17-Jul-17,1932.62,,,,,
16-Jul-17,1991.98,,,,,
15-Jul-17,2230.12,,,,,
14-Jul-17,2360.59,,,,,
13-Jul-17,2402.7,,,,,
12-Jul-17,2332.77,,,,,
11-Jul-17,2385.89,,,,,
10-Jul-17,2525.25,,,,,
9-Jul-17,2572.61,,,,,
8-Jul-17,2520.27,,,,,
7-Jul-17,2608.59,,,,,
6-Jul-17,2608.1,,,,,
5-Jul-17,2602.87,,,,,
4-Jul-17,2561,,,,,
3-Jul-17,2498.56,,,,,
2-Jul-17,2436.4,,,,,
1-Jul-17,2492.6,,,,,
30-Jun-17,2539.24,,,,,
29-Jun-17,2567.56,,,,,
28-Jun-17,2553.03,,,,,
27-Jun-17,2478.45,,,,,
26-Jun-17,2590.57,,,,,
25-Jun-17,2607.25,,,,,
24-Jun-17,2738.52,,,,,
23-Jun-17,2707.34,,,,,
22-Jun-17,2691.03,,,,,
21-Jun-17,2709.43,,,,,
20-Jun-17,2591.26,,,,,
19-Jun-17,2549.03,,,,,
18-Jun-17,2655.35,,,,,
17-Jun-17,2514.01,,,,,
16-Jun-17,2469.57,,,,,
15-Jun-17,2499.58,,,,,
14-Jun-17,2716.88,,,,,
13-Jun-17,2680.91,,,,,
12-Jun-17,2953.22,,,,,
11-Jun-17,2942.41,,,,,
10-Jun-17,2828.14,,,,,
9-Jun-17,2807.44,,,,,
8-Jun-17,2720.49,,,,,
7-Jun-17,2869.38,,,,,
6-Jun-17,2690.84,,,,,
5-Jun-17,2512.4,,,,,
4-Jun-17,2547.79,,,,,
3-Jun-17,2493.72,,,,,
2-Jun-17,2404.03,,,,,
1-Jun-17,2288.33,,,,,
31-May-17,2187.19,,,,,
30-May-17,2255.36,,,,,
29-May-17,2159.43,,,,,
28-May-17,2054.08,,,,,
27-May-17,2196.27,,,,,
26-May-17,2320.89,,,,,
25-May-17,2446.24,,,,,
24-May-17,2321.37,,,,,
23-May-17,2191.56,,,,,
22-May-17,2043.19,,,,,
21-May-17,2067.03,,,,,
20-May-17,1984.24,,,,,
19-May-17,1897.37,,,,,
18-May-17,1818.7,,,,,
17-May-17,1726.73,,,,,
16-May-17,1741.7,,,,,
15-May-17,1808.44,,,,,
14-May-17,1800.86,,,,,
13-May-17,1723.12,,,,,
12-May-17,1845.76,,,,,
11-May-17,1780.37,,,,,
10-May-17,1756.52,,,,,
9-May-17,1723.89,,,,,
8-May-17,1596.92,,,,,
7-May-17,1579.47,,,,,
6-May-17,1556.81,,,,,
5-May-17,1540.87,,,,,
4-May-17,1490.72,,,,,
3-May-17,1453.78,,,,,
2-May-17,1421.03,,,,,
1-May-17,1348.3,,,,,
30-Apr-17,1321.87,,,,,
29-Apr-17,1317.84,,,,,
28-Apr-17,1317.74,,,,,
27-Apr-17,1281.88,,,,,
26-Apr-17,1265.99,,,,,
25-Apr-17,1250.45,,,,,
24-Apr-17,1209.63,,,,,
23-Apr-17,1231.92,,,,,
22-Apr-17,1222.71,,,,,
21-Apr-17,1229.42,,,,,
20-Apr-17,1211.08,,,,,
19-Apr-17,1212.13,,,,,
18-Apr-17,1193.77,,,,,
17-Apr-17,1183.25,,,,,
16-Apr-17,1172.61,,,,,
15-Apr-17,1167.3,,,,,
14-Apr-17,1170.33,,,,,
13-Apr-17,1201.02,,,,,
12-Apr-17,1204.81,,,,,
11-Apr-17,1187.46,,,,,
10-Apr-17,1187.3,,,,,
9-Apr-17,1176.57,,,,,
8-Apr-17,1172.65,,,,,
7-Apr-17,1178.94,,,,,
6-Apr-17,1125.81,,,,,
5-Apr-17,1134.14,,,,,
4-Apr-17,1145.52,,,,,
3-Apr-17,1102.95,,,,,
2-Apr-17,1080.61,,,,,
1-Apr-17,1071.71,,,,,
31-Mar-17,1026.64,,,,,
30-Mar-17,1042.21,,,,,
29-Mar-17,1046.08,,,,,
28-Mar-17,1044.58,,,,,
27-Mar-17,972.05,,,,,
26-Mar-17,974.01,,,,,
25-Mar-17,936.54,,,,,
24-Mar-17,1038.45,,,,,
23-Mar-17,1050.05,,,,,
22-Mar-17,1120.65,,,,,
21-Mar-17,1055.36,,,,,
20-Mar-17,1037.24,,,,,
19-Mar-17,976.73,,,,,
18-Mar-17,1099.69,,,,,
17-Mar-17,1180.16,,,,,
16-Mar-17,1251.33,,,,,
15-Mar-17,1240.16,,,,,
14-Mar-17,1232.16,,,,,
13-Mar-17,1221.78,,,,,
12-Mar-17,1176.62,,,,,
11-Mar-17,1116.32,,,,,
10-Mar-17,1189.36,,,,,
9-Mar-17,1150.35,,,,,
8-Mar-17,1223.23,,,,,
7-Mar-17,1273.21,,,,,
6-Mar-17,1267.47,,,,,
5-Mar-17,1254.29,,,,,
4-Mar-17,1277.43,,,,,
3-Mar-17,1250.71,,,,,
2-Mar-17,1224.68,,,,,
1-Mar-17,1180.04,,,,,
28-Feb-17,1180.72,,,,,
27-Feb-17,1163.78,,,,,
26-Feb-17,1144.27,,,,,
25-Feb-17,1170.41,,,,,
24-Feb-17,1172.71,,,,,
23-Feb-17,1117.27,,,,,
22-Feb-17,1114.8,,,,,
21-Feb-17,1079.28,,,,,
20-Feb-17,1048.69,,,,,
19-Feb-17,1054.76,,,,,
18-Feb-17,1049.21,,,,,
17-Feb-17,1026.12,,,,,
16-Feb-17,1007.65,,,,,
15-Feb-17,1006.21,,,,,
14-Feb-17,991.74,,,,,
13-Feb-17,998.88,,,,,
12-Feb-17,1003.52,,,,,
11-Feb-17,988.9,,,,,
10-Feb-17,995.63,,,,,
9-Feb-17,1064.7,,,,,
8-Feb-17,1062.32,,,,,
7-Feb-17,1040.14,,,,,
6-Feb-17,1028.4,,,,,
5-Feb-17,1043.52,,,,,
4-Feb-17,1031.33,,,,,
3-Feb-17,1011.46,,,,,
2-Feb-17,990,,,,,
1-Feb-17,970.94,,,,,
31-Jan-17,920.96,,,,,
30-Jan-17,920.15,,,,,
29-Jan-17,922.07,,,,,
28-Jan-17,919.81,,,,,
27-Jan-17,918.36,,,,,
26-Jan-17,902.39,,,,,
25-Jan-17,891.92,,,,,
24-Jan-17,910.68,,,,,
23-Jan-17,925.5,,,,,
22-Jan-17,922.21,,,,,
21-Jan-17,895.55,,,,,
20-Jan-17,898.17,,,,,
19-Jan-17,888.34,,,,,
18-Jan-17,909.37,,,,,
17-Jan-17,830.95,,,,,
16-Jan-17,821.78,,,,,
15-Jan-17,818.14,,,,,
14-Jan-17,825.14,,,,,
13-Jan-17,803.74,,,,,
12-Jan-17,775.18,,,,,
11-Jan-17,908.12,,,,,
10-Jan-17,902.44,,,,,
9-Jan-17,913.24,,,,,
8-Jan-17,908.17,,,,,
7-Jan-17,903.49,,,,,
6-Jan-17,1014.24,,,,,
5-Jan-17,1156.73,,,,,
4-Jan-17,1044.4,,,,,
3-Jan-17,1021.6,,,,,
2-Jan-17,998.62,,,,,
1-Jan-17,963.66,,,,,
31-Dec-16,960.63,,,,,
30-Dec-16,972.53,,,,,
29-Dec-16,975.13,,,,,
28-Dec-16,934.83,,,,,
27-Dec-16,908.35,,,,,
26-Dec-16,896.9,,,,,
25-Dec-16,899.65,,,,,
24-Dec-16,922.18,,,,,
23-Dec-16,864.89,,,,,
22-Dec-16,834.18,,,,,
21-Dec-16,800.64,,,,,
20-Dec-16,792.25,,,,,
19-Dec-16,790.69,,,,,
18-Dec-16,791.01,,,,,
17-Dec-16,785.17,,,,,
16-Dec-16,778.96,,,,,
15-Dec-16,780.07,,,,,
14-Dec-16,780,,,,,
13-Dec-16,780.65,,,,,
12-Dec-16,770.04,,,,,
11-Dec-16,774.75,,,,,
10-Dec-16,773.02,,,,,
9-Dec-16,769.94,,,,,
8-Dec-16,768.08,,,,,
7-Dec-16,764.21,,,,,
6-Dec-16,758.72,,,,,
5-Dec-16,773.39,,,,,
4-Dec-16,771.64,,,,,
3-Dec-16,778.25,,,,,
2-Dec-16,757.54,,,,,
1-Dec-16,746.05,,,,,
30-Nov-16,736.28,,,,,
29-Nov-16,736.33,,,,,
28-Nov-16,732.48,,,,,
27-Nov-16,735.44,,,,,
26-Nov-16,741.51,,,,,
25-Nov-16,740.44,,,,,
24-Nov-16,744.62,,,,,
23-Nov-16,751.74,,,,,
22-Nov-16,739.64,,,,,
21-Nov-16,731.26,,,,,
20-Nov-16,751.88,,,,,
19-Nov-16,751.83,,,,,
18-Nov-16,740.71,,,,,
17-Nov-16,744.88,,,,,
16-Nov-16,711.17,,,,,
15-Nov-16,705.79,,,,,
14-Nov-16,702,,,,,
13-Nov-16,705.2,,,,,
12-Nov-16,716.75,,,,,
11-Nov-16,715.55,,,,,
10-Nov-16,722.84,,,,,
9-Nov-16,709.83,,,,,
8-Nov-16,703.09,,,,,
7-Nov-16,710.74,,,,,
6-Nov-16,703.81,,,,,
5-Nov-16,703.52,,,,,
4-Nov-16,689.12,,,,,
3-Nov-16,742.35,,,,,
2-Nov-16,730.07,,,,,
1-Nov-16,701.34,,,,,
31-Oct-16,702.64,,,,,
30-Oct-16,714.12,,,,,
29-Oct-16,690.29,,,,,
28-Oct-16,688,,,,,
27-Oct-16,678.21,,,,,
26-Oct-16,657.68,,,,,
25-Oct-16,654,,,,,
24-Oct-16,657.16,,,,,
23-Oct-16,657.62,,,,,
22-Oct-16,633.14,,,,,
21-Oct-16,630.83,,,,,
20-Oct-16,630.66,,,,,
19-Oct-16,638.13,,,,,
18-Oct-16,639.41,,,,,
17-Oct-16,641.82,,,,,
16-Oct-16,639.08,,,,,
15-Oct-16,640.31,,,,,
14-Oct-16,637.01,,,,,
13-Oct-16,636.03,,,,,
12-Oct-16,640.87,,,,,
11-Oct-16,619.24,,,,,
10-Oct-16,616.82,,,,,
9-Oct-16,619.17,,,,,
8-Oct-16,617.34,,,,,
7-Oct-16,612.61,,,,,
6-Oct-16,612.47,,,,,
5-Oct-16,610.22,,,,,
4-Oct-16,612.05,,,,,
3-Oct-16,610.97,,,,,
2-Oct-16,613.95,,,,,
1-Oct-16,609.93,,,,,
30-Sep-16,605.72,,,,,
29-Sep-16,605.02,,,,,
28-Sep-16,606.24,,,,,
27-Sep-16,608.02,,,,,
26-Sep-16,600.81,,,,,
25-Sep-16,602.75,,,,,
24-Sep-16,602.96,,,,,
23-Sep-16,596.2,,,,,
22-Sep-16,597.28,,,,,
21-Sep-16,603.59,,,,,
20-Sep-16,609.25,,,,,
19-Sep-16,609.87,,,,,
18-Sep-16,606.28,,,,,
17-Sep-16,607.22,,,,,
16-Sep-16,607.25,,,,,
15-Sep-16,610.59,,,,,
14-Sep-16,608.84,,,,,
13-Sep-16,608.02,,,,,
12-Sep-16,607,,,,,
11-Sep-16,623.42,,,,,
10-Sep-16,622.93,,,,,
9-Sep-16,626.35,,,,,
8-Sep-16,614.63,,,,,
7-Sep-16,610.57,,,,,
6-Sep-16,606.51,,,,,
5-Sep-16,608.99,,,,,
4-Sep-16,598.59,,,,,
3-Sep-16,575.55,,,,,
2-Sep-16,572.41,,,,,
1-Sep-16,575.55,,,,,
31-Aug-16,577.59,,,,,
30-Aug-16,574.11,,,,,
29-Aug-16,574.07,,,,,
28-Aug-16,569.83,,,,,
27-Aug-16,579.45,,,,,
26-Aug-16,577.75,,,,,
25-Aug-16,580.18,,,,,
24-Aug-16,583.41,,,,,
23-Aug-16,586.77,,,,,
22-Aug-16,581.31,,,,,
21-Aug-16,581.94,,,,,
20-Aug-16,576.08,,,,,
19-Aug-16,574.34,,,,,
18-Aug-16,573.71,,,,,
17-Aug-16,577.76,,,,,
16-Aug-16,567.24,,,,,
15-Aug-16,570.49,,,,,
14-Aug-16,585.59,,,,,
13-Aug-16,587.36,,,,,
12-Aug-16,588.8,,,,,
11-Aug-16,592.12,,,,,
10-Aug-16,587.65,,,,,
9-Aug-16,591.04,,,,,
8-Aug-16,592.74,,,,,
7-Aug-16,587.77,,,,,
6-Aug-16,575.03,,,,,
5-Aug-16,578.28,,,,,
4-Aug-16,566.33,,,,,
3-Aug-16,548.66,,,,,
2-Aug-16,606.4,,,,,
1-Aug-16,624.6,,,,,
31-Jul-16,655.1,,,,,
30-Jul-16,657.01,,,,,
29-Jul-16,655.11,,,,,
28-Jul-16,654.49,,,,,
27-Jul-16,651.63,,,,,
26-Jul-16,654.23,,,,,
25-Jul-16,661.26,,,,,
24-Jul-16,655.41,,,,,
23-Jul-16,650.73,,,,,
22-Jul-16,664.92,,,,,
21-Jul-16,665.23,,,,,
20-Jul-16,672.81,,,,,
19-Jul-16,672.74,,,,,
18-Jul-16,679.81,,,,,
17-Jul-16,661.99,,,,,
16-Jul-16,663.78,,,,,
15-Jul-16,659.17,,,,,
14-Jul-16,652.92,,,,,
13-Jul-16,664.8,,,,,
12-Jul-16,648.28,,,,,
11-Jul-16,648.48,,,,,
10-Jul-16,650.6,,,,,
9-Jul-16,666.38,,,,,
8-Jul-16,640.69,,,,,
7-Jul-16,678.09,,,,,
6-Jul-16,670.42,,,,,
5-Jul-16,683.21,,,,,
4-Jul-16,658.8,,,,,
3-Jul-16,704.97,,,,,
2-Jul-16,676.73,,,,,
1-Jul-16,672.51,,,,,
30-Jun-16,640.59,,,,,
29-Jun-16,644.12,,,,,
28-Jun-16,658.1,,,,,
27-Jun-16,629.35,,,,,
26-Jun-16,665.93,,,,,
25-Jun-16,665.28,,,,,
24-Jun-16,625.58,,,,,
23-Jun-16,597.44,,,,,
22-Jun-16,665.91,,,,,
21-Jun-16,735.88,,,,,
20-Jun-16,763.93,,,,,
19-Jun-16,756.69,,,,,
18-Jun-16,748.76,,,,,
17-Jun-16,768.49,,,,,
16-Jun-16,696.52,,,,,
15-Jun-16,685.68,,,,,
14-Jun-16,704.5,,,,,
13-Jun-16,671.65,,,,,
12-Jun-16,609.68,,,,,
11-Jun-16,578.67,,,,,
10-Jun-16,575.84,,,,,
9-Jun-16,582.2,,,,,
8-Jun-16,577.17,,,,,
7-Jun-16,585.45,,,,,
6-Jun-16,574.6,,,,,
5-Jun-16,573.31,,,,,
4-Jun-16,569.71,,,,,
3-Jun-16,537.68,,,,,
2-Jun-16,536.51,,,,,
1-Jun-16,531.11,,,,,
31-May-16,534.19,,,,,
30-May-16,528.47,,,,,
29-May-16,527.48,,,,,
28-May-16,473.03,,,,,
27-May-16,453.52,,,,,
26-May-16,449.67,,,,,
25-May-16,446.06,,,,,
24-May-16,444.29,,,,,
23-May-16,439.35,,,,,
22-May-16,443.22,,,,,
21-May-16,442.97,,,,,
20-May-16,437.79,,,,,
19-May-16,454.52,,,,,
18-May-16,453.69,,,,,
17-May-16,454.01,,,,,
16-May-16,457.59,,,,,
15-May-16,455.76,,,,,
14-May-16,455.82,,,,,
13-May-16,454.85,,,,,
12-May-16,452.45,,,,,
11-May-16,450.86,,,,,
10-May-16,460.52,,,,,
9-May-16,458.21,,,,,
8-May-16,458.43,,,,,
7-May-16,459.64,,,,,
6-May-16,447.94,,,,,
5-May-16,446.71,,,,,
4-May-16,450.18,,,,,
3-May-16,444.73,,,,,
2-May-16,451.93,,,,,
1-May-16,448.48,,,,,
30-Apr-16,455.18,,,,,
29-Apr-16,449.41,,,,,
28-Apr-16,445.04,,,,,
27-Apr-16,466.26,,,,,
26-Apr-16,461.65,,,,,
25-Apr-16,459.12,,,,,
24-Apr-16,450.56,,,,,
23-Apr-16,445.86,,,,,
22-Apr-16,449.69,,,,,
21-Apr-16,441.42,,,,,
20-Apr-16,435.32,,,,,
19-Apr-16,428.7,,,,,
18-Apr-16,427.61,,,,,
17-Apr-16,430.64,,,,,
16-Apr-16,429.57,,,,,
15-Apr-16,424.43,,,,,
14-Apr-16,423.94,,,,,
13-Apr-16,425.63,,,,,
12-Apr-16,422.84,,,,,
11-Apr-16,421.87,,,,,
10-Apr-16,419.59,,,,,
9-Apr-16,420.81,,,,,
8-Apr-16,422.91,,,,,
7-Apr-16,423.62,,,,,
6-Apr-16,424.28,,,,,
5-Apr-16,421.02,,,,,
4-Apr-16,421.3,,,,,
3-Apr-16,421.17,,,,,
2-Apr-16,418.42,,,,,
1-Apr-16,416.76,,,,,
31-Mar-16,415.26,,,,,
30-Mar-16,416.83,,,,,
29-Mar-16,424.3,,,,,
28-Mar-16,426.55,,,,,
27-Mar-16,418.14,,,,,
26-Mar-16,417.37,,,,,
25-Mar-16,416.51,,,,,
24-Mar-16,418.42,,,,,
23-Mar-16,418.16,,,,,
22-Mar-16,413.13,,,,,
21-Mar-16,413.42,,,,,
20-Mar-16,410.4,,,,,
19-Mar-16,409.26,,,,,
18-Mar-16,420.55,,,,,
17-Mar-16,417.89,,,,,
16-Mar-16,416.89,,,,,
15-Mar-16,416.39,,,,,
14-Mar-16,414.2,,,,,
13-Mar-16,411.65,,,,,
12-Mar-16,421.61,,,,,
11-Mar-16,417.24,,,,,
10-Mar-16,414.74,,,,,
9-Mar-16,413.89,,,,,
8-Mar-16,414.46,,,,,
7-Mar-16,407.76,,,,,
6-Mar-16,400.52,,,,,
5-Mar-16,410.78,,,,,
4-Mar-16,421.84,,,,,
3-Mar-16,423.91,,,,,
2-Mar-16,435.13,,,,,
1-Mar-16,437.92,,,,,
29-Feb-16,433.44,,,,,
28-Feb-16,432.57,,,,,
27-Feb-16,432.84,,,,,
26-Feb-16,424.63,,,,,
25-Feb-16,425.04,,,,,
24-Feb-16,420.96,,,,,
23-Feb-16,438.25,,,,,
22-Feb-16,438.99,,,,,
21-Feb-16,437.77,,,,,
20-Feb-16,421.6,,,,,
19-Feb-16,422.73,,,,,
18-Feb-16,416.57,,,,,
17-Feb-16,407.66,,,,,
16-Feb-16,401.43,,,,,
15-Feb-16,407.57,,,,,
14-Feb-16,392.93,,,,,
13-Feb-16,384.64,,,,,
12-Feb-16,379.69,,,,,
11-Feb-16,382.11,,,,,
10-Feb-16,376.15,,,,,
9-Feb-16,373.42,,,,,
8-Feb-16,376.76,,,,,
7-Feb-16,376.51,,,,,
6-Feb-16,386.59,,,,,
5-Feb-16,388.9,,,,,
4-Feb-16,370.17,,,,,
3-Feb-16,374.65,,,,,
2-Feb-16,372.92,,,,,
1-Feb-16,369.35,,,,,
31-Jan-16,378.29,,,,,
30-Jan-16,378.87,,,,,
29-Jan-16,380.11,,,,,
28-Jan-16,395.15,,,,,
27-Jan-16,392.44,,,,,
26-Jan-16,392,,,,,
25-Jan-16,402.32,,,,,
24-Jan-16,388.1,,,,,
23-Jan-16,382.43,,,,,
22-Jan-16,409.75,,,,,
21-Jan-16,419.63,,,,,
20-Jan-16,379.74,,,,,
19-Jan-16,387.03,,,,,
18-Jan-16,381.73,,,,,
17-Jan-16,387.15,,,,,
16-Jan-16,365.07,,,,,
15-Jan-16,430.25,,,,,
14-Jan-16,432.29,,,,,
13-Jan-16,434.67,,,,,
12-Jan-16,448.18,,,,,
11-Jan-16,448.7,,,,,
10-Jan-16,448.24,,,,,
9-Jan-16,453.38,,,,,
8-Jan-16,457.54,,,,,
7-Jan-16,430.01,,,,,
6-Jan-16,431.86,,,,,
5-Jan-16,433.07,,,,,
4-Jan-16,430.06,,,,,
3-Jan-16,433.58,,,,,
2-Jan-16,434.62,,,,,
1-Jan-16,430.72,,,,,
31-Dec-15,425.88,,,,,
30-Dec-15,433.3,,,,,
29-Dec-15,422.1,,,,,
28-Dec-15,423.34,,,,,
27-Dec-15,416.51,,,,,
26-Dec-15,455.76,,,,,
25-Dec-15,454.86,,,,,
24-Dec-15,443.09,,,,,
23-Dec-15,436.72,,,,,
22-Dec-15,437.44,,,,,
21-Dec-15,442.84,,,,,
20-Dec-15,462.23,,,,,
19-Dec-15,463.55,,,,,
18-Dec-15,455.85,,,,,
17-Dec-15,454.78,,,,,
16-Dec-15,465.21,,,,,
15-Dec-15,443.88,,,,,
14-Dec-15,433.27,,,,,
13-Dec-15,431.66,,,,,
12-Dec-15,452.33,,,,,
11-Dec-15,415.28,,,,,
10-Dec-15,417.99,,,,,
9-Dec-15,414.44,,,,,
8-Dec-15,395.75,,,,,
7-Dec-15,389.98,,,,,
6-Dec-15,389.56,,,,,
5-Dec-15,363.72,,,,,
4-Dec-15,361.26,,,,,
3-Dec-15,359.33,,,,,
2-Dec-15,361.85,,,,,
1-Dec-15,377.41,,,,,
30-Nov-15,371.44,,,,,
29-Nov-15,357.47,,,,,
28-Nov-15,357.14,,,,,
27-Nov-15,351.86,,,,,
26-Nov-15,328.3,,,,,
25-Nov-15,320.05,,,,,
24-Nov-15,323.01,,,,,
23-Nov-15,324.35,,,,,
22-Nov-15,326.98,,,,,
21-Nov-15,322.09,,,,,
20-Nov-15,326.41,,,,,
19-Nov-15,334.68,,,,,
18-Nov-15,334.59,,,,,
17-Nov-15,330.36,,,,,
16-Nov-15,319.74,,,,,
15-Nov-15,333.05,,,,,
14-Nov-15,336.62,,,,,
13-Nov-15,338.5,,,,,
12-Nov-15,314.08,,,,,
11-Nov-15,339.82,,,,,
10-Nov-15,379.98,,,,,
9-Nov-15,374.32,,,,,
8-Nov-15,384.28,,,,,
7-Nov-15,374.27,,,,,
6-Nov-15,388.05,,,,,
5-Nov-15,408.08,,,,,
4-Nov-15,403.66,,,,,
3-Nov-15,361.87,,,,,
2-Nov-15,325.94,,,,,
1-Nov-15,315,,,,,
31-Oct-15,328.51,,,,,
30-Oct-15,313.94,,,,,
29-Oct-15,304.32,,,,,
28-Oct-15,293.7,,,,,
27-Oct-15,285.18,,,,,
26-Oct-15,283.63,,,,,
25-Oct-15,281.44,,,,,
24-Oct-15,276.5,,,,,
23-Oct-15,273.65,,,,,
22-Oct-15,266.5,,,,,
21-Oct-15,269.31,,,,,
20-Oct-15,263.57,,,,,
19-Oct-15,261.86,,,,,
18-Oct-15,270.91,,,,,
17-Oct-15,262.75,,,,,
16-Oct-15,254.3,,,,,
15-Oct-15,252.11,,,,,
14-Oct-15,249.49,,,,,
13-Oct-15,245.2,,,,,
12-Oct-15,246.88,,,,,
11-Oct-15,244.74,,,,,
10-Oct-15,243.74,,,,,
9-Oct-15,242.5,,,,,
8-Oct-15,243.07,,,,,
7-Oct-15,246.17,,,,,
6-Oct-15,240.36,,,,,
5-Oct-15,238.15,,,,,
4-Oct-15,238.53,,,,,
3-Oct-15,237.2,,,,,
2-Oct-15,237.26,,,,,
1-Oct-15,236,,,,,
30-Sep-15,236.64,,,,,
29-Sep-15,239.02,,,,,
28-Sep-15,232.84,,,,,
27-Sep-15,234.14,,,,,
26-Sep-15,235.08,,,,,
25-Sep-15,234.36,,,,,
24-Sep-15,230.36,,,,,
23-Sep-15,230.94,,,,,
22-Sep-15,226.97,,,,,
21-Sep-15,231.22,,,,,
20-Sep-15,231.4,,,,,
19-Sep-15,232.86,,,,,
18-Sep-15,233.52,,,,,
17-Sep-15,229.08,,,,,
16-Sep-15,230.25,,,,,
15-Sep-15,230.49,,,,,
14-Sep-15,230.61,,,,,
13-Sep-15,235.24,,,,,
12-Sep-15,239.85,,,,,
11-Sep-15,238.33,,,,,
10-Sep-15,238.34,,,,,
9-Sep-15,243.41,,,,,
8-Sep-15,239.85,,,,,
7-Sep-15,239.93,,,,,
6-Sep-15,234.87,,,,,
5-Sep-15,230.2,,,,,
4-Sep-15,227.22,,,,,
3-Sep-15,229.32,,,,,
2-Sep-15,228.03,,,,,
1-Sep-15,230.26,,,,,
31-Aug-15,229.11,,,,,
30-Aug-15,229.9,,,,,
29-Aug-15,231.55,,,,,
28-Aug-15,224.7,,,,,
27-Aug-15,226.05,,,,,
26-Aug-15,222.08,,,,,
25-Aug-15,210.07,,,,,
24-Aug-15,228.11,,,,,
23-Aug-15,230.38,,,,,
22-Aug-15,232.66,,,,,
21-Aug-15,235.35,,,,,
20-Aug-15,226.9,,,,,
19-Aug-15,225.67,,,,,
18-Aug-15,257.93,,,,,
17-Aug-15,258.49,,,,,
16-Aug-15,261.87,,,,,
15-Aug-15,265.53,,,,,
14-Aug-15,264.13,,,,,
13-Aug-15,266.18,,,,,
12-Aug-15,270.6,,,,,
11-Aug-15,264.34,,,,,
10-Aug-15,265.48,,,,,
9-Aug-15,261.12,,,,,
8-Aug-15,279.74,,,,,
7-Aug-15,278.74,,,,,
6-Aug-15,281.91,,,,,
5-Aug-15,284.85,,,,,
4-Aug-15,281.23,,,,,
3-Aug-15,282.81,,,,,
2-Aug-15,280.45,,,,,
1-Aug-15,284.69,,,,,
31-Jul-15,287.7,,,,,
30-Jul-15,289.1,,,,,
29-Jul-15,294.48,,,,,
28-Jul-15,293.63,,,,,
27-Jul-15,292.64,,,,,
26-Jul-15,288.64,,,,,
25-Jul-15,288.16,,,,,
24-Jul-15,276,,,,,
23-Jul-15,277.34,,,,,
22-Jul-15,275.66,,,,,
21-Jul-15,278.88,,,,,
20-Jul-15,273.5,,,,,
19-Jul-15,274.77,,,,,
18-Jul-15,279.33,,,,,
17-Jul-15,278.09,,,,,
16-Jul-15,286.04,,,,,
15-Jul-15,288.05,,,,,
14-Jul-15,292.03,,,,,
13-Jul-15,310.83,,,,,
12-Jul-15,293.14,,,,,
11-Jul-15,284.88,,,,,
10-Jul-15,269.16,,,,,
9-Jul-15,270.83,,,,,
8-Jul-15,265.98,,,,,
7-Jul-15,269.96,,,,,
6-Jul-15,271.11,,,,,
5-Jul-15,260.81,,,,,
4-Jul-15,256.49,,,,,
3-Jul-15,255.46,,,,,
2-Jul-15,258.55,,,,,
1-Jul-15,263.35,,,,,
30-Jun-15,257.04,,,,,
29-Jun-15,248.72,,,,,
28-Jun-15,250.96,,,,,
27-Jun-15,243.55,,,,,
26-Jun-15,242.6,,,,,
25-Jun-15,240.37,,,,,
24-Jun-15,244.28,,,,,
23-Jun-15,246.93,,,,,
22-Jun-15,243.97,,,,,
21-Jun-15,245.1,,,,,
20-Jun-15,244.53,,,,,
19-Jun-15,249.04,,,,,
18-Jun-15,249.43,,,,,
17-Jun-15,250.82,,,,,
16-Jun-15,236.76,,,,,
15-Jun-15,233.42,,,,,
14-Jun-15,232.44,,,,,
13-Jun-15,229.92,,,,,
12-Jun-15,229.71,,,,,
11-Jun-15,228.85,,,,,
10-Jun-15,229,,,,,
9-Jun-15,228.54,,,,,
8-Jun-15,222.88,,,,,
7-Jun-15,225.6,,,,,
6-Jun-15,225,,,,,
5-Jun-15,224.15,,,,,
4-Jun-15,225.77,,,,,
3-Jun-15,225.74,,,,,
2-Jun-15,222.89,,,,,
1-Jun-15,230.23,,,,,
31-May-15,233.13,,,,,
30-May-15,237.09,,,,,
29-May-15,237.38,,,,,
28-May-15,237.26,,,,,
27-May-15,237.06,,,,,
26-May-15,237.1,,,,,
25-May-15,240.93,,,,,
24-May-15,238.98,,,,,
23-May-15,240.29,,,,,
22-May-15,235.32,,,,,
21-May-15,234.02,,,,,
20-May-15,231.89,,,,,
19-May-15,233.04,,,,,
18-May-15,236.89,,,,,
17-May-15,236.01,,,,,
16-May-15,237.64,,,,,
15-May-15,236.96,,,,,
14-May-15,236.21,,,,,
13-May-15,241.4,,,,,
12-May-15,242.15,,,,,
11-May-15,240.3,,,,,
10-May-15,241.73,,,,,
9-May-15,243.77,,,,,
8-May-15,237.2,,,,,
7-May-15,229.66,,,,,
6-May-15,236.25,,,,,
5-May-15,238.85,,,,,
4-May-15,240.36,,,,,
3-May-15,234.88,,,,,
2-May-15,232.34,,,,,
1-May-15,235.94,,,,,
30-Apr-15,225.69,,,,,
29-Apr-15,225.59,,,,,
28-Apr-15,228.97,,,,,
27-Apr-15,219.43,,,,,
26-Apr-15,226.41,,,,,
25-Apr-15,231.24,,,,,
24-Apr-15,235.97,,,,,
23-Apr-15,234.05,,,,,
22-Apr-15,235.6,,,,,
21-Apr-15,224.62,,,,,
20-Apr-15,222.61,,,,,
19-Apr-15,223.46,,,,,
18-Apr-15,222.85,,,,,
17-Apr-15,228.57,,,,,
16-Apr-15,223.92,,,,,
15-Apr-15,219.07,,,,,
14-Apr-15,224.76,,,,,
13-Apr-15,235.95,,,,,
12-Apr-15,236.53,,,,,
11-Apr-15,236.02,,,,,
10-Apr-15,243.69,,,,,
9-Apr-15,244.75,,,,,
8-Apr-15,253.06,,,,,
7-Apr-15,255.27,,,,,
6-Apr-15,260.72,,,,,
5-Apr-15,253.76,,,,,
4-Apr-15,254.29,,,,,
3-Apr-15,253.07,,,,,
2-Apr-15,247.09,,,,,
1-Apr-15,244.22,,,,,
31-Mar-15,247.45,,,,,
30-Mar-15,242.88,,,,,
29-Mar-15,252.74,,,,,
28-Mar-15,246.97,,,,,
27-Mar-15,248.57,,,,,
26-Mar-15,246.28,,,,,
25-Mar-15,247.47,,,,,
24-Mar-15,266.58,,,,,
23-Mar-15,267.89,,,,,
22-Mar-15,259.92,,,,,
21-Mar-15,261.64,,,,,
20-Mar-15,260.96,,,,,
19-Mar-15,255.88,,,,,
18-Mar-15,285.07,,,,,
17-Mar-15,290.6,,,,,
16-Mar-15,285.69,,,,,
15-Mar-15,281.43,,,,,
14-Mar-15,284.44,,,,,
13-Mar-15,294.12,,,,,
12-Mar-15,296.13,,,,,
11-Mar-15,291.52,,,,,
10-Mar-15,289.86,,,,,
9-Mar-15,274.81,,,,,
8-Mar-15,276.43,,,,,
7-Mar-15,272.29,,,,,
6-Mar-15,275.6,,,,,
5-Mar-15,272.74,,,,,
4-Mar-15,281.99,,,,,
3-Mar-15,275.05,,,,,
2-Mar-15,260.36,,,,,
1-Mar-15,254.28,,,,,
28-Feb-15,253.52,,,,,
27-Feb-15,236.44,,,,,
26-Feb-15,237.34,,,,,
25-Feb-15,238.89,,,,,
24-Feb-15,239,,,,,
23-Feb-15,236,,,,,
22-Feb-15,244.54,,,,,
21-Feb-15,243.75,,,,,
20-Feb-15,240.25,,,,,
19-Feb-15,236.41,,,,,
18-Feb-15,243.78,,,,,
17-Feb-15,233.42,,,,,
16-Feb-15,234.82,,,,,
15-Feb-15,257.51,,,,,
14-Feb-15,235.53,,,,,
13-Feb-15,221.97,,,,,
12-Feb-15,219.21,,,,,
11-Feb-15,219.73,,,,,
10-Feb-15,220.28,,,,,
9-Feb-15,223.39,,,,,
8-Feb-15,227.69,,,,,
7-Feb-15,222.63,,,,,
6-Feb-15,216.92,,,,,
5-Feb-15,227.66,,,,,
4-Feb-15,227.51,,,,,
3-Feb-15,237.45,,,,,
2-Feb-15,226.49,,,,,
1-Feb-15,216.87,,,,,
31-Jan-15,226.44,,,,,
30-Jan-15,232.77,,,,,
29-Jan-15,233.35,,,,,
28-Jan-15,263.35,,,,,
27-Jan-15,273.17,,,,,
26-Jan-15,254.08,,,,,
25-Jan-15,247.35,,,,,
24-Jan-15,232.7,,,,,
23-Jan-15,233.52,,,,,
22-Jan-15,227.32,,,,,
21-Jan-15,211.38,,,,,
20-Jan-15,212.91,,,,,
19-Jan-15,211.47,,,,,
18-Jan-15,200.05,,,,,
17-Jan-15,207.83,,,,,
16-Jan-15,209.07,,,,,
15-Jan-15,176.9,,,,,
14-Jan-15,223.89,,,,,
13-Jan-15,267.39,,,,,
12-Jan-15,266.15,,,,,
11-Jan-15,274.61,,,,,
10-Jan-15,287.3,,,,,
9-Jan-15,282.38,,,,,
8-Jan-15,294.13,,,,,
7-Jan-15,286.08,,,,,
6-Jan-15,274.61,,,,,
5-Jan-15,265.08,,,,,
4-Jan-15,281.15,,,,,
3-Jan-15,314.85,,,,,
2-Jan-15,314.08,,,,,
1-Jan-15,320.44,,,,,
31-Dec-14,310.91,,,,,
30-Dec-14,312.72,,,,,
29-Dec-14,317.7,,,,,
28-Dec-14,316.16,,,,,
27-Dec-14,327.58,,,,,
26-Dec-14,319.15,,,,,
25-Dec-14,322.29,,,,,
24-Dec-14,334.38,,,,,
23-Dec-14,332.02,,,,,
22-Dec-14,321.07,,,,,
21-Dec-14,329.54,,,,,
20-Dec-14,317.62,,,,,
19-Dec-14,311.18,,,,,
18-Dec-14,319.79,,,,,
17-Dec-14,326.86,,,,,
16-Dec-14,345.67,,,,,
15-Dec-14,351.36,,,,,
14-Dec-14,346.73,,,,,
13-Dec-14,352.38,,,,,
12-Dec-14,350.83,,,,,
11-Dec-14,344.34,,,,,
10-Dec-14,352.2,,,,,
9-Dec-14,361.89,,,,,
8-Dec-14,374.96,,,,,
7-Dec-14,374.84,,,,,
6-Dec-14,376.76,,,,,
5-Dec-14,369.44,,,,,
4-Dec-14,375.72,,,,,
3-Dec-14,381.72,,,,,
2-Dec-14,379.25,,,,,
1-Dec-14,378.25,,,,,
30-Nov-14,375.51,,,,,
29-Nov-14,376.15,,,,,
28-Nov-14,369.37,,,,,
27-Nov-14,370.5,,,,,
26-Nov-14,376.02,,,,,
25-Nov-14,376.89,,,,,
24-Nov-14,366.95,,,,,
23-Nov-14,353.18,,,,,
22-Nov-14,351.6,,,,,
21-Nov-14,357.88,,,,,
20-Nov-14,380.31,,,,,
19-Nov-14,373.9,,,,,
18-Nov-14,387.79,,,,,
17-Nov-14,388.35,,,,,
16-Nov-14,374.73,,,,,
15-Nov-14,399.65,,,,,
14-Nov-14,418.42,,,,,
13-Nov-14,427.27,,,,,
12-Nov-14,367.99,,,,,
11-Nov-14,365.86,,,,,
10-Nov-14,362.26,,,,,
9-Nov-14,345.38,,,,,
8-Nov-14,342.15,,,,,
7-Nov-14,349.82,,,,,
6-Nov-14,339.46,,,,,
5-Nov-14,330.68,,,,,
4-Nov-14,327.16,,,,,
3-Nov-14,325.57,,,,,
2-Nov-14,326.07,,,,,
1-Nov-14,338.65,,,,,
31-Oct-14,345.01,,,,,
30-Oct-14,335.71,,,,,
29-Oct-14,357.09,,,,,
28-Oct-14,353.21,,,,,
27-Oct-14,354.78,,,,,
26-Oct-14,347.49,,,,,
25-Oct-14,358.61,,,,,
24-Oct-14,358.59,,,,,
23-Oct-14,382.96,,,,,
22-Oct-14,386.12,,,,,
21-Oct-14,382.42,,,,,
20-Oct-14,389.23,,,,,
19-Oct-14,391.25,,,,,
18-Oct-14,383.98,,,,,
17-Oct-14,382.76,,,,,
16-Oct-14,394.52,,,,,
15-Oct-14,400.95,,,,,
14-Oct-14,391.69,,,,,
13-Oct-14,377.92,,,,,
12-Oct-14,362.61,,,,,
11-Oct-14,361.36,,,,,
10-Oct-14,364.69,,,,,
9-Oct-14,352.75,,,,,
8-Oct-14,336.12,,,,,
7-Oct-14,330.58,,,,,
6-Oct-14,320.39,,,,,
5-Oct-14,328.92,,,,,
4-Oct-14,359.89,,,,,
3-Oct-14,375.18,,,,,
2-Oct-14,383.99,,,,,
1-Oct-14,387.43,,,,,
30-Sep-14,376.09,,,,,
29-Sep-14,376.93,,,,,
28-Sep-14,399.47,,,,,
27-Sep-14,403.56,,,,,
26-Sep-14,411.43,,,,,
25-Sep-14,423.16,,,,,
24-Sep-14,435.75,,,,,
23-Sep-14,402.09,,,,,
22-Sep-14,399.1,,,,,
21-Sep-14,408.08,,,,,
20-Sep-14,394.67,,,,,
19-Sep-14,424.1,,,,,
18-Sep-14,456.86,,,,,
17-Sep-14,465.86,,,,,
16-Sep-14,474.86,,,,,
15-Sep-14,477.76,,,,,
14-Sep-14,479.12,,,,,
13-Sep-14,477.79,,,,,
12-Sep-14,479.58,,,,,
11-Sep-14,479.62,,,,,
10-Sep-14,475.48,,,,,
9-Sep-14,474.88,,,,,
8-Sep-14,481.81,,,,,
7-Sep-14,485.13,,,,,
6-Sep-14,483.34,,,,,
5-Sep-14,489.67,,,,,
4-Sep-14,477.68,,,,,
3-Sep-14,476.87,,,,,
2-Sep-14,474.48,,,,,
1-Sep-14,477.79,,,,,
31-Aug-14,502.9,,,,,
30-Aug-14,508.59,,,,,
29-Aug-14,508.43,,,,,
28-Aug-14,510.88,,,,,
27-Aug-14,512.19,,,,,
26-Aug-14,502.54,,,,,
25-Aug-14,508.22,,,,,
24-Aug-14,498.29,,,,,
23-Aug-14,513.39,,,,,
22-Aug-14,517.58,,,,,
21-Aug-14,510.45,,,,,
20-Aug-14,485.07,,,,,
19-Aug-14,461.48,,,,,
18-Aug-14,491.51,,,,,
17-Aug-14,519.14,,,,,
16-Aug-14,497.83,,,,,
15-Aug-14,511.14,,,,,
14-Aug-14,546.18,,,,,
13-Aug-14,570.38,,,,,
12-Aug-14,576.51,,,,,
11-Aug-14,591.28,,,,,
10-Aug-14,589.17,,,,,
9-Aug-14,592.47,,,,,
8-Aug-14,588.88,,,,,
7-Aug-14,584.65,,,,,
6-Aug-14,585.95,,,,,
5-Aug-14,589.01,,,,,
4-Aug-14,586.23,,,,,
3-Aug-14,588.89,,,,,
2-Aug-14,594.9,,,,,
1-Aug-14,586.2,,,,,
31-Jul-14,567.37,,,,,
30-Jul-14,584.74,,,,,
29-Jul-14,585.55,,,,,
28-Jul-14,594.14,,,,,
27-Jul-14,595.67,,,,,
26-Jul-14,601.54,,,,,
25-Jul-14,601.51,,,,,
24-Jul-14,619.5,,,,,
23-Jul-14,621.12,,,,,
22-Jul-14,622.27,,,,,
21-Jul-14,623.95,,,,,
20-Jul-14,628.56,,,,,
19-Jul-14,629.17,,,,,
18-Jul-14,622.37,,,,,
17-Jul-14,616.54,,,,,
16-Jul-14,622.01,,,,,
15-Jul-14,620,,,,,
14-Jul-14,626.56,,,,,
13-Jul-14,634.22,,,,,
12-Jul-14,631.88,,,,,
11-Jul-14,616.66,,,,,
10-Jul-14,624.83,,,,,
9-Jul-14,625.22,,,,,
8-Jul-14,622.57,,,,,
7-Jul-14,635.46,,,,,
6-Jul-14,631.77,,,,,
5-Jul-14,629.95,,,,,
4-Jul-14,644.65,,,,,
3-Jul-14,650.77,,,,,
2-Jul-14,641.04,,,,,
1-Jul-14,641.39,,,,,
30-Jun-14,602.62,,,,,
29-Jun-14,596.33,,,,,
28-Jun-14,599.08,,,,,
27-Jun-14,581.3,,,,,
26-Jun-14,566.14,,,,,
25-Jun-14,581.81,,,,,
24-Jun-14,593.97,,,,,
23-Jun-14,602.16,,,,,
22-Jun-14,595.9,,,,,
21-Jun-14,593.68,,,,,
20-Jun-14,597.4,,,,,
19-Jun-14,608.07,,,,,
18-Jun-14,609.77,,,,,
17-Jun-14,591.59,,,,,
16-Jun-14,592.65,,,,,
15-Jun-14,575.93,,,,,
14-Jun-14,600.75,,,,,
13-Jun-14,585.7,,,,,
12-Jun-14,633.43,,,,,
11-Jun-14,653.19,,,,,
10-Jun-14,650.04,,,,,
9-Jun-14,655.64,,,,,
8-Jun-14,654.99,,,,,
7-Jun-14,653.52,,,,,
6-Jun-14,659.28,,,,,
5-Jun-14,641.07,,,,,
4-Jun-14,666.77,,,,,
3-Jun-14,660.55,,,,,
2-Jun-14,629.64,,,,,
1-Jun-14,623.69,,,,,
31-May-14,615.69,,,,,
30-May-14,568.18,,,,,
29-May-14,576.33,,,,,
28-May-14,571.91,,,,,
27-May-14,582.59,,,,,
26-May-14,571.39,,,,,
25-May-14,525.23,,,,,
24-May-14,521.05,,,,,
23-May-14,525.72,,,,,
22-May-14,492.05,,,,,
21-May-14,485.8,,,,,
20-May-14,446.31,,,,,
19-May-14,446.08,,,,,
18-May-14,448.7,,,,,
17-May-14,448.12,,,,,
16-May-14,447.39,,,,,
15-May-14,444.14,,,,,
14-May-14,440.59,,,,,
13-May-14,441.53,,,,,
12-May-14,438.3,,,,,
11-May-14,453.92,,,,,
10-May-14,450.46,,,,,
9-May-14,440.18,,,,,
8-May-14,438.68,,,,,
7-May-14,429.34,,,,,
6-May-14,433.36,,,,,
5-May-14,434.78,,,,,
4-May-14,438.52,,,,,
3-May-14,449.4,,,,,
2-May-14,457.36,,,,,
1-May-14,447.63,,,,,
30-Apr-14,446.89,,,,,
29-Apr-14,439.98,,,,,
28-Apr-14,430.72,,,,,
27-Apr-14,457.24,,,,,
26-Apr-14,461.7,,,,,
25-Apr-14,500.09,,,,,
24-Apr-14,490.82,,,,,
23-Apr-14,488.36,,,,,
22-Apr-14,495.45,,,,,
21-Apr-14,497.74,,,,,
20-Apr-14,501.75,,,,,
19-Apr-14,479.58,,,,,
18-Apr-14,495.8,,,,,
17-Apr-14,529.07,,,,,
16-Apr-14,522.18,,,,,
15-Apr-14,458.37,,,,,
14-Apr-14,414.83,,,,,
13-Apr-14,421.46,,,,,
12-Apr-14,420.89,,,,,
11-Apr-14,363.71,,,,,
10-Apr-14,442.26,,,,,
9-Apr-14,453.18,,,,,
8-Apr-14,447.61,,,,,
7-Apr-14,461.47,,,,,
6-Apr-14,463.4,,,,,
5-Apr-14,446.68,,,,,
4-Apr-14,445.66,,,,,
3-Apr-14,436.44,,,,,
2-Apr-14,479.14,,,,,
1-Apr-14,457,,,,,
31-Mar-14,462.3,,,,,
30-Mar-14,492.37,,,,,
29-Mar-14,501.71,,,,,
28-Mar-14,477.14,,,,,
27-Mar-14,580.26,,,,,
26-Mar-14,583.48,,,,,
25-Mar-14,585.03,,,,,
24-Mar-14,562.51,,,,,
23-Mar-14,565.76,,,,,
22-Mar-14,571.18,,,,,
21-Mar-14,588.29,,,,,
20-Mar-14,609.75,,,,,
19-Mar-14,613.9,,,,,
18-Mar-14,621.84,,,,,
17-Mar-14,630.92,,,,,
16-Mar-14,636.5,,,,,
15-Mar-14,629.37,,,,,
14-Mar-14,638.14,,,,,
13-Mar-14,633.62,,,,,
12-Mar-14,631.91,,,,,
11-Mar-14,627.95,,,,,
10-Mar-14,636.33,,,,,
9-Mar-14,616.31,,,,,
8-Mar-14,629.66,,,,,
7-Mar-14,664.31,,,,,
6-Mar-14,664.52,,,,,
5-Mar-14,666.24,,,,,
4-Mar-14,668.24,,,,,
3-Mar-14,562.56,,,,,
2-Mar-14,567.23,,,,,
1-Mar-14,549.92,,,,,
28-Feb-14,579.7,,,,,
27-Feb-14,581.65,,,,,
26-Feb-14,537.04,,,,,
25-Feb-14,540.24,,,,,
24-Feb-14,606.04,,,,,
23-Feb-14,606.47,,,,,
22-Feb-14,574.24,,,,,
21-Feb-14,556.88,,,,,
20-Feb-14,623.09,,,,,
19-Feb-14,625.97,,,,,
18-Feb-14,627.16,,,,,
17-Feb-14,614.23,,,,,
16-Feb-14,651.3,,,,,
15-Feb-14,660.9,,,,,
14-Feb-14,601.17,,,,,
13-Feb-14,651.08,,,,,
12-Feb-14,672.38,,,,,
11-Feb-14,683.5,,,,,
10-Feb-14,681.32,,,,,
9-Feb-14,671.46,,,,,
8-Feb-14,699.57,,,,,
7-Feb-14,783.2,,,,,
6-Feb-14,815.59,,,,,
5-Feb-14,829.96,,,,,
4-Feb-14,823.77,,,,,
3-Feb-14,824.08,,,,,
2-Feb-14,832.9,,,,,
1-Feb-14,828.61,,,,,
31-Jan-14,818.43,,,,,
30-Jan-14,826.02,,,,,
29-Jan-14,809.96,,,,,
28-Jan-14,774.02,,,,,
27-Jan-14,884.6,,,,,
26-Jan-14,853.68,,,,,
25-Jan-14,796.24,,,,,
24-Jan-14,822.43,,,,,
23-Jan-14,845.46,,,,,
22-Jan-14,867.21,,,,,
21-Jan-14,869.65,,,,,
20-Jan-14,871.39,,,,,
19-Jan-14,839.66,,,,,
18-Jan-14,816.07,,,,,
17-Jan-14,834.49,,,,,
16-Jan-14,860.29,,,,,
15-Jan-14,833.12,,,,,
14-Jan-14,843.17,,,,,
13-Jan-14,860.19,,,,,
12-Jan-14,919.6,,,,,
11-Jan-14,867.32,,,,,
10-Jan-14,846.69,,,,,
9-Jan-14,841.47,,,,,
8-Jan-14,795.99,,,,,
7-Jan-14,946.49,,,,,
6-Jan-14,936.05,,,,,
5-Jan-14,858.55,,,,,
4-Jan-14,823.27,,,,,
3-Jan-14,802.85,,,,,
2-Jan-14,773.44,,,,,
1-Jan-14,754.97,,,,,
31-Dec-13,760.32,,,,,
30-Dec-13,741.35,,,,,
29-Dec-13,728.05,,,,,
28-Dec-13,737.98,,,,,
27-Dec-13,763.28,,,,,
26-Dec-13,683.94,,,,,
25-Dec-13,666.31,,,,,
24-Dec-13,672.36,,,,,
23-Dec-13,613.06,,,,,
22-Dec-13,601.78,,,,,
21-Dec-13,619.9,,,,,
20-Dec-13,694.22,,,,,
19-Dec-13,519.06,,,,,
18-Dec-13,678.2,,,,,
17-Dec-13,706.37,,,,,
16-Dec-13,880.33,,,,,
15-Dec-13,875.29,,,,,
14-Dec-13,899.85,,,,,
13-Dec-13,874.98,,,,,
12-Dec-13,882.78,,,,,
11-Dec-13,989.07,,,,,
10-Dec-13,892.32,,,,,
9-Dec-13,793.8,,,,,
8-Dec-13,697.31,,,,,
7-Dec-13,835.32,,,,,
6-Dec-13,1042.38,,,,,
5-Dec-13,1152.73,,,,,
4-Dec-13,1077.58,,,,,
3-Dec-13,1046.4,,,,,
2-Dec-13,951.42,,,,,
1-Dec-13,1128.92,,,,,
30-Nov-13,1129.37,,,,,
29-Nov-13,1042.01,,,,,
28-Nov-13,1003.38,,,,,
27-Nov-13,923.85,,,,,
26-Nov-13,805.73,,,,,
25-Nov-13,773.02,,,,,
24-Nov-13,795.63,,,,,
23-Nov-13,771.7,,,,,
22-Nov-13,724.07,,,,,
21-Nov-13,594.32,,,,,
20-Nov-13,577.98,,,,,
19-Nov-13,712.76,,,,,
18-Nov-13,496.58,,,,,
17-Nov-13,440.96,,,,,
16-Nov-13,417.28,,,,,
15-Nov-13,419.41,,,,,
14-Nov-13,406.41,,,,,
13-Nov-13,360.97,,,,,
12-Nov-13,343.06,,,,,
11-Nov-13,325.41,,,,,
10-Nov-13,348.82,,,,,
9-Nov-13,338.58,,,,,
8-Nov-13,297.85,,,,,
7-Nov-13,261.68,,,,,
6-Nov-13,244.78,,,,,
5-Nov-13,229.21,,,,,
4-Nov-13,214.66,,,,,
3-Nov-13,205.99,,,,,
2-Nov-13,205.81,,,,,
1-Nov-13,203.9,,,,,
31-Oct-13,199.83,,,,,
30-Oct-13,204.39,,,,,
29-Oct-13,198.55,,,,,
28-Oct-13,196.21,,,,,
27-Oct-13,176.6,,,,,
26-Oct-13,187.45,,,,,
25-Oct-13,197.69,,,,,
24-Oct-13,214.3,,,,,
23-Oct-13,193.36,,,,,
22-Oct-13,182.65,,,,,
21-Oct-13,174.8,,,,,
20-Oct-13,171.66,,,,,
19-Oct-13,155.91,,,,,
18-Oct-13,146.37,,,,,
17-Oct-13,142.41,,,,,
16-Oct-13,145.65,,,,,
15-Oct-13,140.77,,,,,
14-Oct-13,139.27,,,,,
13-Oct-13,135.19,,,,,
12-Oct-13,130.9,,,,,
11-Oct-13,130.75,,,,,
10-Oct-13,130.67,,,,,
9-Oct-13,125.85,,,,,
8-Oct-13,126.74,,,,,
7-Oct-13,129.43,,,,,
6-Oct-13,128.36,,,,,
5-Oct-13,128.63,,,,,
4-Oct-13,123.41,,,,,
3-Oct-13,114.45,,,,,
2-Oct-13,132.05,,,,,
1-Oct-13,132.68,,,,,
30-Sep-13,137.15,,,,,
29-Sep-13,134.9,,,,,
28-Sep-13,133.77,,,,,
27-Sep-13,128.94,,,,,
26-Sep-13,128.21,,,,,
25-Sep-13,127.38,,,,,
24-Sep-13,126.05,,,,,
23-Sep-13,128.98,,,,,
22-Sep-13,127.87,,,,,
21-Sep-13,126.95,,,,,
20-Sep-13,129.7,,,,,
19-Sep-13,131.37,,,,,
18-Sep-13,131.71,,,,,
17-Sep-13,131.59,,,,,
16-Sep-13,130.86,,,,,
15-Sep-13,129.4,,,,,
14-Sep-13,135.01,,,,,
13-Sep-13,132.83,,,,,
12-Sep-13,135.55,,,,,
11-Sep-13,125.89,,,,,
10-Sep-13,127.27,,,,,
9-Sep-13,121.86,,,,,
8-Sep-13,124.13,,,,,
7-Sep-13,118.89,,,,,
6-Sep-13,126.49,,,,,
5-Sep-13,126.76,,,,,
4-Sep-13,136.53,,,,,
3-Sep-13,135.61,,,,,
2-Sep-13,138.63,,,,,
1-Sep-13,135.14,,,,,
31-Aug-13,133.09,,,,,
30-Aug-13,122.35,,,,,
29-Aug-13,122.62,,,,,
28-Aug-13,126.48,,,,,
27-Aug-13,120.07,,,,,
26-Aug-13,122.11,,,,,
25-Aug-13,119.6,,,,,
24-Aug-13,118.51,,,,,
23-Aug-13,122,,,,,
22-Aug-13,123.3,,,,,
21-Aug-13,121.21,,,,,
20-Aug-13,119,,,,,
19-Aug-13,113.38,,,,,
18-Aug-13,112.75,,,,,
17-Aug-13,108.99,,,,,
16-Aug-13,110,,,,,
15-Aug-13,112.56,,,,,
14-Aug-13,109.56,,,,,
13-Aug-13,106.99,,,,,
12-Aug-13,105,,,,,
11-Aug-13,103,,,,,
10-Aug-13,102.8,,,,,
9-Aug-13,103.07,,,,,
8-Aug-13,106.75,,,,,
7-Aug-13,106.75,,,,,
6-Aug-13,106.72,,,,,
5-Aug-13,105.12,,,,,
4-Aug-13,104.95,,,,,
3-Aug-13,104.5,,,,,
2-Aug-13,104.86,,,,,
1-Aug-13,106.21,,,,,
31-Jul-13,107.95,,,,,
30-Jul-13,101.49,,,,,
29-Jul-13,98.6,,,,,
28-Jul-13,94.4,,,,,
27-Jul-13,96.02,,,,,
26-Jul-13,96.95,,,,,
25-Jul-13,94.5,,,,,
24-Jul-13,95.56,,,,,
23-Jul-13,91.6,,,,,
22-Jul-13,92,,,,,
21-Jul-13,89.82,,,,,
20-Jul-13,92,,,,,
19-Jul-13,90.07,,,,,
18-Jul-13,98.5,,,,,
17-Jul-13,96.71,,,,,
16-Jul-13,98.89,,,,,
15-Jul-13,93.61,,,,,
14-Jul-13,98.7,,,,,
13-Jul-13,93.99,,,,,
12-Jul-13,88.98,,,,,
11-Jul-13,88,,,,,
10-Jul-13,76.72,,,,,
9-Jul-13,76,,,,,
8-Jul-13,76.5,,,,,
7-Jul-13,68.75,,,,,
6-Jul-13,68.5,,,,,
5-Jul-13,79.99,,,,,
4-Jul-13,78.89,,,,,
3-Jul-13,90.41,,,,,
2-Jul-13,88.05,,,,,
1-Jul-13,97.51,,,,,
30-Jun-13,95,,,,,
29-Jun-13,94.66,,,,,
28-Jun-13,101.74,,,,,
27-Jun-13,104,,,,,
26-Jun-13,103.33,,,,,
25-Jun-13,102.09,,,,,
24-Jun-13,107.9,,,,,
23-Jun-13,108.2,,,,,
22-Jun-13,109.5,,,,,
21-Jun-13,111.29,,,,,
20-Jun-13,108.25,,,,,
19-Jun-13,107.05,,,,,
18-Jun-13,101.95,,,,,
17-Jun-13,99.9,,,,,
16-Jun-13,99.8,,,,,
15-Jun-13,100,,,,,
14-Jun-13,103.95,,,,,
13-Jun-13,108.78,,,,,
12-Jun-13,109,,,,,
11-Jun-13,106.35,,,,,
10-Jun-13,100.44,,,,,
9-Jun-13,107.89,,,,,
8-Jun-13,111,,,,,
7-Jun-13,118.97,,,,,
6-Jun-13,121.9,,,,,
5-Jun-13,121.4,,,,,
4-Jun-13,120.74,,,,,
3-Jun-13,122.5,,,,,
2-Jun-13,129.3,,,,,
1-Jun-13,128.81,,,,,
31-May-13,128.8,,,,,
30-May-13,132.25,,,,,
29-May-13,129,,,,,
28-May-13,129.77,,,,,
27-May-13,133.5,,,,,
26-May-13,131.99,,,,,
25-May-13,133.1,,,,,
24-May-13,126.3,,,,,
23-May-13,123.8,,,,,
22-May-13,122.89,,,,,
21-May-13,122.02,,,,,
20-May-13,122.5,,,,,
19-May-13,123.21,,,,,
18-May-13,123.5,,,,,
17-May-13,118.21,,,,,
16-May-13,114.22,,,,,
15-May-13,111.4,,,,,
14-May-13,117.98,,,,,
13-May-13,114.82,,,,,
12-May-13,115.64,,,,,
11-May-13,117.7,,,,,
10-May-13,112.8,,,,,
9-May-13,113.2,,,,,
8-May-13,109.6,,,,,
7-May-13,112.25,,,,,
6-May-13,115.98,,,,,
5-May-13,112.9,,,,,
4-May-13,98.1,,,,,
3-May-13,106.25,,,,,
2-May-13,116.38,,,,,
1-May-13,139,,,,,
30-Apr-13,144,,,,,
29-Apr-13,134.44,,,,,
28-Apr-13,135.3,,,,,